group_key,suggested_review,status,candidate_count
doom,manual_year_review,needs_review,4
finalfantasyxx2hdremaster,preserve_edition_review,needs_review,3
fallout3gameoftheyearedition,preserve_edition_review,merged,3
nuclearthrone,merge_candidate,merged,3
flatout,manual_year_review,needs_review,3
zeroescapezerotimedilemma,merge_candidate,merged,3
steamworlddig,merge_candidate,merged,3
plantsvszombiesgotyedition,preserve_edition_review,needs_review,3
falloutnewvegas,merge_candidate,merged,3
psychonauts,manual_year_review,needs_review,3
darksoulsiii,merge_candidate,merged,3
tomclancyssplintercellblacklist,merge_candidate,merged,3
tombraideranniversary,preserve_edition_review,merged,3
quake,manual_year_review,needs_review,3
quakeii,manual_year_review,needs_review,3
quakeiiiarena,manual_year_review,needs_review,3
grandtheftauto,manual_year_review,needs_review,3
grandtheftauto2,manual_year_review,needs_review,3
devilmaycry5,merge_candidate,merged,3
grandtheftautoiii,manual_year_review,needs_review,3
returntocastlewolfenstein,manual_year_review,needs_review,3
grandtheftautosanandreas,manual_year_review,needs_review,3
grandtheftautov,manual_year_review,needs_review,3
grandtheftautovicecity,manual_year_review,needs_review,3
terraria,merge_candidate,merged,3
mirrorsedge,merge_candidate,merged,3
supermeatboy,merge_candidate,merged,3
metalgearsolidvthephantompain,merge_candidate,merged,3
hexenbeyondheretic,manual_year_review,needs_review,3
hitman2silentassassin,manual_year_review,needs_review,3
hitmanbloodmoney,manual_year_review,needs_review,3
hitmancontracts,manual_year_review,needs_review,3
doometernal,merge_candidate,merged,3
stardewvalley,merge_candidate,merged,3
farcry3,merge_candidate,merged,3
danganronpa2goodbyedespair,manual_year_review,needs_review,3
danganronpatriggerhappyhavoc,manual_year_review,needs_review,3
nomanssky,merge_candidate,merged,3
jetsetradio,manual_year_review,needs_review,3
sidmeierspirates,manual_year_review,needs_review,3
thesecretofmonkeyislandspecialedition,preserve_edition_review,merged,3
deusexhumanrevolutiondirectorscut,preserve_edition_review,merged,3
darksoulsremastered,preserve_edition_review,merged,3
sonicadventure2,manual_year_review,needs_review,3
thewolfamongus,merge_candidate,merged,3
hotlinemiami2wrongnumber,merge_candidate,merged,3
theelderscrollsvskyrim,merge_candidate,merged,3
doom3,manual_year_review,needs_review,3
steamworldheist,manual_year_review,needs_review,3
steinsgate,manual_year_review,needs_review,3
doomii,manual_year_review,needs_review,3
syberia,manual_year_review,needs_review,3
humanresourcemachine,merge_candidate,merged,3
freedomplanet,merge_candidate,merged,3
dragonquestiiihd2dremake,preserve_edition_review,needs_review,3
thomaswasalone,merge_candidate,merged,3
gears5,merge_candidate,merged,3
thelegendofheroestrailsinthesky,manual_year_review,needs_review,3
earthbound,manual_year_review,needs_review,3
thebindingofisaacrebirth,merge_candidate,merged,3
xcomenemyunknown,merge_candidate,merged,3
manhunt,manual_year_review,needs_review,3
maxpayne,manual_year_review,needs_review,3
maxpayne2thefallofmaxpayne,manual_year_review,needs_review,3
tombraiderivthelastrevelation,manual_year_review,needs_review,3
tombraiderlegend,manual_year_review,needs_review,3
tombraidervchronicles,manual_year_review,needs_review,3
nidhogg,merge_candidate,merged,3
deadcells,merge_candidate,merged,3
metalslug3,manual_year_review,needs_review,3
thewitcher2assassinsofkingsenhancededition,preserve_edition_review,merged,3
towerfallascension,manual_year_review,needs_review,3
hotlinemiami,merge_candidate,merged,3
grimfandangoremastered,preserve_edition_review,merged,3
papersplease,merge_candidate,merged,3
fablethelostchapters,manual_year_review,needs_review,3
ultimatedoom,manual_year_review,needs_review,3
ultimatemarvelvscapcom3,manual_year_review,needs_review,3
vvvvvv,merge_candidate,merged,3
machinarium,merge_candidate,merged,3
thiswarofmine,merge_candidate,merged,3
oriandtheblindforestdefinitiveedition,preserve_edition_review,merged,3
wolfenstein3d,manual_year_review,needs_review,3
fear,manual_year_review,needs_review,3
nightsintodreams,manual_year_review,needs_review,3
fez,manual_year_review,needs_review,3
wormsarmageddon,manual_year_review,needs_review,3
monkeyisland2specialeditionlechucksrevenge,preserve_edition_review,merged,3
yakuza0,manual_year_review,needs_review,3
finaldoom,manual_year_review,needs_review,3
finalfantasyviii,manual_year_review,needs_review,3
va11hallacyberpunkbartenderaction,merge_candidate,merged,3
seishunhajimemashita,merge_candidate,merged,2
thelegendofzeldatwilightprincess,merge_candidate,merged,2
lordsofthefallen,merge_candidate,merged,2
pokkntournament,merge_candidate,merged,2
dontstarve,merge_candidate,merged,2
yoshiswoollyworld,merge_candidate,merged,2
xplane11,merge_candidate,merged,2
pokmonrangerguardiansigns,merge_candidate,merged,2
pokmonchampions,merge_candidate,merged,2
residentevil,merge_candidate,merged,2
fairune2,merge_candidate,merged,2
sakurasounopetnakanojo,merge_candidate,merged,2
gonbakubakubakubakuadventure,merge_candidate,merged,2
blackmythwukong,merge_candidate,merged,2
poupeegirlds,merge_candidate,merged,2
downtownnogakinotsukaiyaarahendezettainitsukamattehaikenaigasukurobikariland,merge_candidate,merged,2
suishnodragon,merge_candidate,merged,2
mamegomayoikomaruikogenkinako,merge_candidate,merged,2
pokmonyellowversionspecialpikachuedition,preserve_edition_review,merged,2
pokmonsunmoon,merge_candidate,merged,2
thelegendofzeldalinksawakening,merge_candidate,merged,2
pokmonblack2white2,merge_candidate,merged,2
starfield,merge_candidate,merged,2
beyondtwosouls,merge_candidate,merged,2
daysgone,merge_candidate,merged,2
disneyslilostitch2hamstervielhavoc,merge_candidate,merged,2
catherinefullbody,merge_candidate,merged,2
ghostoftsushimadirectorscut,preserve_edition_review,merged,2
shinreijusatsushitarmaru,merge_candidate,merged,2
jikkyworldsoccer2002,merge_candidate,merged,2
kingdomheartsiiiremind,merge_candidate,merged,2
dokodemoisshotorotonagareboshi,merge_candidate,merged,2
bakumatsurenkakaryuukenshiden,merge_candidate,merged,2
phoenixwrightaceattorneytrilogy,preserve_edition_review,merged,2
bdamanbakugaidenvictoryenomichi,merge_candidate,merged,2
tomclancysrainbowsixsiege,merge_candidate,merged,2
redcard2003,merge_candidate,merged,2
princeofpersiathetwothrones,merge_candidate,merged,2
warhammerbattlemarch,merge_candidate,merged,2
tekken5darkresurrection,merge_candidate,merged,2
dragonageorigins,merge_candidate,merged,2
vivapiatapartyanimals,merge_candidate,merged,2
dragonballdaimafukkatsu,merge_candidate,merged,2
bravelysecondendlayer,merge_candidate,merged,2
pokmoncardgb2herecomesteamgreatrocket,merge_candidate,merged,2
pokmoncrystalversion,merge_candidate,merged,2
phantasystaruniverse,merge_candidate,merged,2
pokmonalphasapphireomegaruby,merge_candidate,merged,2
grimdawn,merge_candidate,merged,2
thelegendofzeldatwilightprincesshd,preserve_edition_review,merged,2
toejamearl,merge_candidate,merged,2
megamanpoweredup,merge_candidate,merged,2
hellletloose,merge_candidate,merged,2
pokmonrumble,merge_candidate,merged,2
needforspeedrivals,merge_candidate,merged,2
pavlovvr,merge_candidate,merged,2
pokmonpuzzleleague2000,merge_candidate,merged,2
metroidprimehunters,merge_candidate,merged,2
crysis,merge_candidate,merged,2
seabassfishing,merge_candidate,merged,2
skljaggerrevoltofthewesticans,merge_candidate,merged,2
slimesansuperslimeedition,merge_candidate,merged,2
ochakennoheyads,merge_candidate,merged,2
hurryupbirdhunter,merge_candidate,merged,2
metroidprime2echoes,merge_candidate,merged,2
thelegendofzeldathewindwaker,merge_candidate,merged,2
thecallistoprotocol,merge_candidate,merged,2
katekyohitmanreborndreamhyperbattle,merge_candidate,merged,2
dragonscrown,merge_candidate,merged,2
questfortheshavenyakstarringrenhokstimpy,merge_candidate,merged,2
baldursgateiii,merge_candidate,merged,2
sniperelite4,merge_candidate,merged,2
beforeweleave,merge_candidate,merged,2
princeofpersiarivalswords,merge_candidate,merged,2
callofdutyblackops6,merge_candidate,merged,2
theexpendables2videogame,merge_candidate,merged,2
gravityrush,merge_candidate,merged,2
meltylancergingashoujokeisatsu2086,merge_candidate,merged,2
megamanx8,merge_candidate,merged,2
starsweep,merge_candidate,merged,2
anothercoderecollection,merge_candidate,merged,2
unchartedgoldenabyss,merge_candidate,merged,2
thelegendarystarfy,merge_candidate,merged,2
tenmadejackodorokimanenokidaitoubou,merge_candidate,merged,2
supermarioodyssey,merge_candidate,merged,2
hiironokakera,merge_candidate,merged,2
finalfantasytactics,merge_candidate,merged,2
ninokuniiirevenantkingdom,merge_candidate,merged,2
thepluckysquire,merge_candidate,merged,2
pokmondiamondpearl,merge_candidate,merged,2
thenakedbrothersbandthevideogame,merge_candidate,merged,2
socomiiusnavyseals,merge_candidate,merged,2
eyetoyplay,merge_candidate,merged,2
batmanarkhamcity,merge_candidate,merged,2
ranmahardbattle,merge_candidate,merged,2
starwarsjedifallenorder,merge_candidate,merged,2
cultofthelamb,merge_candidate,merged,2
assassinscreedbrotherhood,merge_candidate,merged,2
pokmonconquest,merge_candidate,merged,2
chkkannightproyakyking,merge_candidate,merged,2
superpapermario,merge_candidate,merged,2
mortalkombat1,merge_candidate,merged,2
illustlogicdscolorfullogic,merge_candidate,merged,2
ganbaregoemontengutnogyakush,merge_candidate,merged,2
pokmonpicrossgameboycolor,merge_candidate,merged,2
aeonflux,merge_candidate,merged,2
ironclad,merge_candidate,merged,2
soldnerx2finalprototype,merge_candidate,merged,2
deadspace3,merge_candidate,merged,2
thesims3,merge_candidate,merged,2
shinbokuranotaiygyakushnosabata,merge_candidate,merged,2
japaneserailsim3dtravelofsteam,merge_candidate,merged,2
franbow,merge_candidate,merged,2
pokmonxdgaleofdarkness,merge_candidate,merged,2
solatoroboredthehunter,merge_candidate,merged,2
pokmondreamradar,merge_candidate,merged,2
seabassfishing2,merge_candidate,merged,2
pokmonredblueyellow,merge_candidate,merged,2
metroidsamusreturns,merge_candidate,merged,2
wreckfest,merge_candidate,merged,2
denshadego2ksokuhen,merge_candidate,merged,2
spyroreignitedtrilogy,preserve_edition_review,merged,2
ranmachougiranbuhen,merge_candidate,merged,2
superhot,merge_candidate,merged,2
marvelsspiderman2,merge_candidate,merged,2
alanwake,merge_candidate,merged,2
derbytsuku4derbyumaotsukur,merge_candidate,merged,2
vivapinatapocketparadise,merge_candidate,merged,2
protthea,merge_candidate,merged,2
guild01,merge_candidate,merged,2
flatout2,merge_candidate,merged,2
marioluigibrothership,merge_candidate,merged,2
asterixobelix,merge_candidate,merged,2
kirbysepicyarn,merge_candidate,merged,2
keeptalkingandnobodyexplodes,merge_candidate,merged,2
einhander,merge_candidate,merged,2
marvelsuperheroes3dgrandmasterschallenge,merge_candidate,merged,2
artofrally,merge_candidate,merged,2
gurugurutamagotchi,merge_candidate,merged,2
gothamknights,merge_candidate,merged,2
pokmonultramoonstarterpack,merge_candidate,merged,2
nflblitz2003,merge_candidate,merged,2
ratchetclankriftapart,merge_candidate,merged,2
horizonforbiddenwest,merge_candidate,merged,2
guitarfreaksdrummaniamasterpiecesilver,merge_candidate,merged,2
pokmonplatinum,merge_candidate,merged,2
mcdonaldsmonogatarihonobonotenchouikuseigame,merge_candidate,merged,2
steamhearts,merge_candidate,merged,2
kirbysdreamland21995,merge_candidate,merged,2
farlonesails,merge_candidate,merged,2
zhuzhubabies,merge_candidate,merged,2
pokmonblackwhite,merge_candidate,merged,2
kidkeisatsupatlaborgameedition,merge_candidate,merged,2
dokidokiuniverse,merge_candidate,merged,2
pokmonbattlerevolution,merge_candidate,merged,2
megamanzero,merge_candidate,merged,2
groovecoaster2originalstyle,merge_candidate,merged,2
caesarspalace2000,merge_candidate,merged,2
heroesofmightmagiciiihdedition,preserve_edition_review,merged,2
littleinferno,merge_candidate,merged,2
assassinscreedmirage,merge_candidate,merged,2
anothercodetwomemories,merge_candidate,merged,2
twilightsyndromekyuumeihen,merge_candidate,merged,2
marvelsguardiansofthegalaxy,merge_candidate,merged,2
pokemonyellow,merge_candidate,merged,2
slimemorimoridragonquestshgekinoshippodan,merge_candidate,merged,2
acaneogeothekingoffighters2002,merge_candidate,merged,2
pokmonmysterydungeonredrescueteam,merge_candidate,merged,2
uncharted4athiefsend,merge_candidate,merged,2
dancedancerevolutionx2,merge_candidate,merged,2
soulcaliburv,merge_candidate,merged,2
legostarwarstheskywalkersaga,merge_candidate,merged,2
pokmonshuffle,merge_candidate,merged,2
metalgearacid2,merge_candidate,merged,2
edomono,merge_candidate,merged,2
nhlhitz2003,merge_candidate,merged,2
chkykaimiraclenine,merge_candidate,merged,2
princeofpersiatheforgottensands,merge_candidate,merged,2
superhotvr,merge_candidate,merged,2
pokmoncolosseum,merge_candidate,merged,2
kikouheidanjphoenixcobaltshoutaihen,merge_candidate,merged,2
bakushjinsei64mezaseresort,merge_candidate,merged,2
jusant,merge_candidate,merged,2
mlbslugfest2003,merge_candidate,merged,2
residentevil7biohazard,merge_candidate,merged,2
residentevil4separateways,merge_candidate,merged,2
pokmonrangershadowsofalmia,merge_candidate,merged,2
marvelsspidermanmilesmorales,merge_candidate,merged,2
descenders,merge_candidate,merged,2
princeofpersiawarriorwithin,merge_candidate,merged,2
starwarsknightsoftheoldrepublic,merge_candidate,merged,2
metroidprimepinball,merge_candidate,merged,2
kaiketsuyanchamaru2karakuriland,merge_candidate,merged,2
godofwar,merge_candidate,merged,2
musclechampionkinnikutkessen,merge_candidate,merged,2
dahnamegamitanj,merge_candidate,merged,2
ettheextraterrestrial,merge_candidate,merged,2
cabelasdangeroushunts2009,merge_candidate,merged,2
marioyoshi,merge_candidate,merged,2
kirbynightmareindreamland,merge_candidate,merged,2
nakajimasatorukanshf1superlicense,merge_candidate,merged,2
shippironleaguer,merge_candidate,merged,2
gravityrush2,merge_candidate,merged,2
deusex,merge_candidate,merged,2
planetcoaster,merge_candidate,merged,2
forzahorizon5,merge_candidate,merged,2
princeofpersiarevelations,merge_candidate,merged,2
newpokmonsnap,merge_candidate,merged,2
ochannooekakilogic,merge_candidate,merged,2
backtrack,merge_candidate,merged,2
worldwarzeroironstorm,merge_candidate,merged,2
infinitynikki,merge_candidate,merged,2
finderlovekudourisafirstshootwakimito,merge_candidate,merged,2
onepiecepiratewarriors4,merge_candidate,merged,2
metroid,merge_candidate,merged,2
ardefender2,merge_candidate,merged,2
pokmondash,merge_candidate,merged,2
nekoburocatsblock,merge_candidate,merged,2
photokanokiss,merge_candidate,merged,2
castlevaniabelmontscurse,merge_candidate,merged,2
mariokart8deluxe,preserve_edition_review,merged,2
anothercoderajourneyintolostmemories,merge_candidate,merged,2
thegreataceattorneychronicles,merge_candidate,merged,2
starfoxassault,merge_candidate,merged,2
overcooked2,merge_candidate,merged,2
metalgearacid,merge_candidate,merged,2
princeofpersiathelostcrown,merge_candidate,merged,2
persona5strikers,merge_candidate,merged,2
pokmongoldsilver,merge_candidate,merged,2
friasfrustradasdopicapau,merge_candidate,merged,2
openttd,merge_candidate,merged,2
mortalkombat11,merge_candidate,merged,2
smugglersrunwarzones,merge_candidate,merged,2
finalfantasyx2,merge_candidate,merged,2
dragonballevolution,merge_candidate,merged,2
deadbolt,merge_candidate,merged,2
armoredcorevifiresofrubicon,merge_candidate,merged,2
injustice2,merge_candidate,merged,2
poupeegirlds2elegantmintstyle,merge_candidate,merged,2
newsupermariobros2,merge_candidate,merged,2
pokmonrubysapphireemerald,merge_candidate,merged,2
pillarsofeternityiideadfire,merge_candidate,merged,2
manxttsuperbike,merge_candidate,merged,2
persona4golden,merge_candidate,merged,2
mamegomahonobononikki,merge_candidate,merged,2
finalfantasyvii,merge_candidate,merged,2
cookingmama5bonapptit,merge_candidate,merged,2
mamegoma2uchinokogaichiban,merge_candidate,merged,2
ochakennoheyads4,merge_candidate,merged,2
remember11theageofinfinity,merge_candidate,merged,2
turmadamnicanaterradosmonstros,merge_candidate,merged,2
megabloksdiegosbuildandrescue,merge_candidate,merged,2
fantasianneodimension,merge_candidate,merged,2
riskofrain,merge_candidate,merged,2
lightningreturnsfinalfantasyxiii,merge_candidate,merged,2
touchdetective2,merge_candidate,merged,2
kirbysdreamland1992,merge_candidate,merged,2
animalcrossingnewhorizons,merge_candidate,merged,2
xenobladechroniclesdefinitiveedition,preserve_edition_review,merged,2
silenthillf,merge_candidate,merged,2
ucchannanchannohonnochallengerdenryirairab,merge_candidate,merged,2
lanoire,merge_candidate,merged,2
f1race,merge_candidate,merged,2
ghostoftsushima,merge_candidate,merged,2
alienscolonialmarines,merge_candidate,merged,2
happyfeettwothevideogame,merge_candidate,merged,2
cardcaptorsakurasakurachantoasobo,merge_candidate,merged,2
assassinscreedaltarschronicles,merge_candidate,merged,2
yoshisnewisland,merge_candidate,merged,2
steamtactics,merge_candidate,merged,2
starfoxassault2005,merge_candidate,merged,2
germanysnexttopmodel2010,merge_candidate,merged,2
whatremainsofedithfinch,merge_candidate,merged,2
thelastguardian,merge_candidate,merged,2
undertale,merge_candidate,merged,2
pokmonpuzzlechallenge,merge_candidate,merged,2
metalgearsolidmastercollectionvol1,preserve_edition_review,merged,2
hirynoken,merge_candidate,merged,2
supermariobros2,merge_candidate,merged,2
papermariocolorsplash,merge_candidate,merged,2
pokemonblueversion,merge_candidate,merged,2
sekiroshadowsdietwice,merge_candidate,merged,2
ghostwiretokyo,merge_candidate,merged,2
steamprison,merge_candidate,merged,2
cambrianqtskasekininattemo,merge_candidate,merged,2
senuassagahellbladeii,merge_candidate,merged,2
pokmonradicalred,merge_candidate,merged,2
metroidotherm,merge_candidate,merged,2
valkyrieprofilelenneth,merge_candidate,merged,2
subnautica,merge_candidate,merged,2
magnacarta2,merge_candidate,merged,2
kirbyplanetrobobot,merge_candidate,merged,2
xenobladechroniclesx,merge_candidate,merged,2
uncharted3drakesdeception,merge_candidate,merged,2
downwell,merge_candidate,merged,2
horizonzerodawn,merge_candidate,merged,2
citiesskylines,merge_candidate,merged,2
kirbysextraepicyarn,merge_candidate,merged,2
metalgearsolidportableops,merge_candidate,merged,2
simcity,merge_candidate,merged,2
piratesplundarrr,merge_candidate,merged,2
findingparadise,merge_candidate,merged,2
minimetro,merge_candidate,merged,2
dragonagetheveilguard,merge_candidate,merged,2
mamegoma3kawaiigaippai,merge_candidate,merged,2
indianajonesandthegreatcircle,merge_candidate,merged,2
heypikmin,merge_candidate,merged,2
westofloathing,merge_candidate,merged,2
shufflepuckcaf,merge_candidate,merged,2
gekitproyaky,merge_candidate,merged,2
octopathtraveler,merge_candidate,merged,2
soulcaliburiv,merge_candidate,merged,2
kirbysdreamland2,merge_candidate,merged,2
kirbytheamazingmirror,merge_candidate,merged,2
carstoonmaterstalltales,merge_candidate,merged,2
silenthill4theroom,merge_candidate,merged,2
donkeykongcountry2diddyskongquest,merge_candidate,merged,2
ivanironmanstewartssuperoffroad,merge_candidate,merged,2
wariowaretouched,merge_candidate,merged,2
sifu,merge_candidate,merged,2
ganbaregoemonkirakiradchbokugadancerninattawake,merge_candidate,merged,2
thewaterhorselegendofthedeep,merge_candidate,merged,2
blazbluechronophantasmaextend,manual_year_review,needs_review,2
kinnikubanzukevol2aratanarugenkaienochousen,merge_candidate,merged,2
pokmonstadium,merge_candidate,merged,2
germanysnexttopmodel2011,merge_candidate,merged,2
gorogoa,merge_candidate,merged,2
fallout4,merge_candidate,merged,2
tigerwoodspgatour09,merge_candidate,merged,2
olympiciq,merge_candidate,merged,2
mdk2,merge_candidate,merged,2
talesofmonkeyislandcompletepackchapter4thetrialandexecutionofguybrushthreepwood,preserve_edition_review,merged,2
goldensundarkdawn,merge_candidate,merged,2
energyairforceaimstrike,merge_candidate,merged,2
pokmonultrasunstarterpack,merge_candidate,merged,2
undernightinbirthexelatest,merge_candidate,merged,2
uncharteddrakesfortune,merge_candidate,merged,2
hanabishokuninninarou2,merge_candidate,merged,2
thebeginnersguide,merge_candidate,merged,2
pacmangalagadimensions,merge_candidate,merged,2
warhammer40000spacemarineii,merge_candidate,merged,2
needforspeed,merge_candidate,merged,2
hellbladesenuassacrifice,merge_candidate,merged,2
finderlovehoshinoakinangokutroublerendezvous,merge_candidate,merged,2
solarstriker,merge_candidate,merged,2
mysimskingdom,merge_candidate,merged,2
genshinimpact,merge_candidate,merged,2
soldnerxhimmelssturmer,merge_candidate,merged,2
pokmonmysterydungeonexplorersofdarkness,merge_candidate,merged,2
pokmonranger,merge_candidate,merged,2
legoharrypotteryears14,merge_candidate,merged,2
hugomagicinthetrollwoods,merge_candidate,merged,2
devilmaycry3dantesawakening,merge_candidate,merged,2
thewonderful101,merge_candidate,merged,2
silenthill3,merge_candidate,merged,2
firewatch,merge_candidate,merged,2
toloverutroublewakuwakurinkangakkouhen,merge_candidate,merged,2
neugierumitokazenokod,merge_candidate,merged,2
haloinfinite,merge_candidate,merged,2
titeufmegacompet,merge_candidate,merged,2
metroidprimefederationforce,merge_candidate,merged,2
nierautomata,merge_candidate,merged,2
djvu1985,merge_candidate,merged,2
eldenring,merge_candidate,merged,2
dragonquestv,merge_candidate,merged,2
shinseikievangelionmahjonghokankeikaku,merge_candidate,merged,2
assassinscreedunity,merge_candidate,merged,2
pokmonultramoon,merge_candidate,merged,2
supermariobroswonder,merge_candidate,merged,2
devilmaycry4specialedition,preserve_edition_review,merged,2
metalgearsolidpeacewalker,merge_candidate,merged,2
narutoshippudenshinobirumble,merge_candidate,merged,2
vampiresurvivors,merge_candidate,merged,2
pyre,merge_candidate,merged,2
chkkannightproyakyking2,merge_candidate,merged,2
thelionking1,merge_candidate,merged,2
strongbadscoolgameforattractivepeopleepisode4dangeresque3thecriminalprojective,merge_candidate,merged,2
kirbysdreamland3,merge_candidate,merged,2
brokenagethecompleteadventure,preserve_edition_review,merged,2
yugiohforbiddenmemories,merge_candidate,merged,2
frostpunk,merge_candidate,merged,2
pokepark2wondersbeyond,merge_candidate,merged,2
legobatmanthevideogame,merge_candidate,merged,2
pokmonsupermysterydungeon,merge_candidate,merged,2
queensgarden,merge_candidate,merged,2
dragonriderschroniclesofpern,merge_candidate,merged,2
blasphemousii,merge_candidate,merged,2
peliiworldtournamentsoccer,merge_candidate,merged,2
guinnessworldrecordsthevideogame,merge_candidate,merged,2
tokyomiragesessionsfe,merge_candidate,merged,2
hogwartslegacy,merge_candidate,merged,2
kouchuuoujamushikinggreatestchampionenomichids,merge_candidate,merged,2
clayfighter63,merge_candidate,merged,2
thelastofusleftbehind,merge_candidate,merged,2
godofwarragnark,merge_candidate,merged,2
supersmashbrosultimate,merge_candidate,merged,2
daisenryakudaitouakouboushitoratoratorawarekishuuniseikouseri,merge_candidate,merged,2
sonicsuperstars,merge_candidate,merged,2
papermariostickerstar,merge_candidate,merged,2
thewalkingdeadthefinalseason,merge_candidate,merged,2
dayofthetentacleremastered,preserve_edition_review,merged,2
ninjatown,merge_candidate,merged,2
marvelsspiderman,merge_candidate,merged,2
pokmonstadium2,merge_candidate,merged,2
metalgearsolid4gunsofthepatriots,merge_candidate,merged,2
lifeisstrange2,merge_candidate,merged,2
soulcaliburiii,merge_candidate,merged,2
pokmonlegendsarceus,merge_candidate,merged,2
kirbysadventure,merge_candidate,merged,2
hakuokiedoblossoms,merge_candidate,merged,2
dynamitedx,merge_candidate,merged,2
astrobot,merge_candidate,merged,2
mysims,merge_candidate,merged,2
wwfwarzone,merge_candidate,merged,2
dishonored,merge_candidate,merged,2
pokmonpinballrubysapphire2003,merge_candidate,merged,2
kinironocorda2f,merge_candidate,merged,2
cyberpunk2077,merge_candidate,merged,2
likeadragonishin,merge_candidate,merged,2
jikkygistable,merge_candidate,merged,2
dmcdevilmaycry,merge_candidate,merged,2
espnspeedworld,merge_candidate,merged,2
buzzquemognioportugus,merge_candidate,merged,2
pokmonartacademy,merge_candidate,merged,2
theelderscrollsivobliviongameoftheyearedition,preserve_edition_review,merged,2
pokmongaiaversion,merge_candidate,merged,2
opusmagnum,merge_candidate,merged,2
pokmonmysterydungeongatestoinfinity,merge_candidate,merged,2
ochakennodaiboukenhonwakuyumemirusekairyoukou,merge_candidate,merged,2
pokmonbank,merge_candidate,merged,2
gensosuikodentsumugareshihyakunennotoki,merge_candidate,merged,2
marvelultimatealliance3theblackorder,merge_candidate,merged,2
megamanzero2,merge_candidate,merged,2
black,merge_candidate,merged,2
kinironocorda4,merge_candidate,merged,2
tirnanogyuukyuunojin,merge_candidate,merged,2
pokemonredversion,merge_candidate,merged,2
daigyakutensaiban2naruhodrynosukenokakugoaceattorney,merge_candidate,merged,2
monumentvalley3,merge_candidate,merged,2
64zum,merge_candidate,merged,2
stormlover2ndv,merge_candidate,merged,2
kerbalspaceprogram,merge_candidate,merged,2
kaleidoeve,merge_candidate,merged,2
dragonquestcharacterstornekonodaibken3,merge_candidate,merged,2
turfwind96takeyutakakyousoubaikuseigame,merge_candidate,merged,2
supermariogalaxy2,merge_candidate,merged,2
kykaidchki,merge_candidate,merged,2
supermarioworld2yoshisisland,merge_candidate,merged,2
kirattokaiketsu64tanteidan,merge_candidate,merged,2
godofwarghostofsparta,merge_candidate,merged,2
princeofpersia,merge_candidate,merged,2
hackfragment,merge_candidate,merged,2
germanysnexttopmodel2009,merge_candidate,merged,2
masseffectlegendaryedition,merge_candidate,merged,2
kirbyandtheforgottenland,merge_candidate,merged,2
thebachelorthevideogame,merge_candidate,merged,2
eithea,merge_candidate,merged,2
metalgearsolid3snakeeater,merge_candidate,merged,2
wariowareincmegamicrogame,merge_candidate,merged,2
metroidprimetrilogy,preserve_edition_review,merged,2
assassinscreedodyssey,merge_candidate,merged,2
dicednaintegratedcyberneticenterprises,merge_candidate,merged,2
chikykaihgunzas,merge_candidate,merged,2
silenthillorigins,merge_candidate,merged,2
wachenroder,merge_candidate,merged,2
dragonageoriginsultimateedition,merge_candidate,merged,2
ferretmonogatariwatashinookiniiri,merge_candidate,merged,2
christmaswonderland,merge_candidate,merged,2
supermariogalaxy,merge_candidate,merged,2
pokmonxy,merge_candidate,merged,2
shreksuperslam,merge_candidate,merged,2
pokmonrumbleworld,merge_candidate,merged,2
parasiteeveii,merge_candidate,merged,2
spitfireheroestalesoftheroyalairforce,merge_candidate,merged,2
pokmonultrasunultramoon,merge_candidate,merged,2
dieultimativebrettspielesammlungdiebeliebtestenbrettspielefrdieganzefamilie,merge_candidate,merged,2
mortalkombatvsdcuniverse,merge_candidate,merged,2
pkinexpress,merge_candidate,merged,2
kami,merge_candidate,merged,2
knowhow,merge_candidate,merged,2
disneyuniverse,merge_candidate,merged,2
nihonpromahjongrenmeikouninmotto20baimahjonggakyoukunaruhouhouhatsuchuukyuushahen,merge_candidate,merged,2
gakuenalicekirakiramemorykiss,merge_candidate,merged,2
startrekshattereduniverse,merge_candidate,merged,2
footballmanager2017,merge_candidate,merged,2
animalwell,merge_candidate,merged,2
ganbaregoemonedodaikaiten,merge_candidate,merged,2
assassinscreedvalhalla,merge_candidate,merged,2
saikyhabushgi,merge_candidate,merged,2
pokmonmysterydungeonexplorersoftime,merge_candidate,merged,2
muramasarebirth,merge_candidate,merged,2
thewonderful101remastered,preserve_edition_review,merged,2
thelegendofzeldaskywardswordhd,preserve_edition_review,merged,2
supermetroid,merge_candidate,merged,2
xenosagaepisodeiijenseitsvongutundbose,merge_candidate,merged,2
theredstringsclub,merge_candidate,merged,2
guitarfreaks3rdmixdrummania2ndmix,merge_candidate,merged,2
godofwarascension,merge_candidate,merged,2
daigyakutensaibannaruhodrynosukenobkenaceattorney,merge_candidate,merged,2
talesofgracesf,merge_candidate,merged,2
littlenightmaresii,merge_candidate,merged,2
eyetoyplaypompomparty,merge_candidate,merged,2
raymanhoodlumsrevenge,merge_candidate,merged,2
yuyuhakusho,merge_candidate,merged,2
megamanzero4,merge_candidate,merged,2
needforspeedmostwanted,merge_candidate,merged,2
ironmanxomanowarinheavymetal,merge_candidate,merged,2
pokeparkwiipikachusadventure,merge_candidate,merged,2
jillianmichaelsfitnessadventure,merge_candidate,merged,2
pokmonpokopia,merge_candidate,merged,2
hyrulewarriorsageofcalamity,merge_candidate,merged,2
angeliquetroisaizouhen,merge_candidate,merged,2
tokyomonoharashikarasunomorigakuenkitan,merge_candidate,merged,2
samorost3,merge_candidate,merged,2
pokmonmysterydungeonexplorersofsky,merge_candidate,merged,2
soma,merge_candidate,merged,2
wariowaregold,merge_candidate,merged,2
thelegendofzeldathewindwakerhd,preserve_edition_review,merged,2
seaofstars,merge_candidate,merged,2
roguelegacy,merge_candidate,merged,2
bdamanbakugaidenvfinalmegatune,merge_candidate,merged,2
spyhunter2,merge_candidate,merged,2
arco,merge_candidate,merged,2
korokkebannokikiosukue,merge_candidate,merged,2
muramasathedemonblade,merge_candidate,merged,2
nhlhitz2002,merge_candidate,merged,2
suigetsumayoigokoro,merge_candidate,merged,2
battletoads,merge_candidate,merged,2
pokmonheartgoldsoulsilver,merge_candidate,merged,2
senrankagurabonappetit,merge_candidate,merged,2
mlbslugfest2004,merge_candidate,merged,2
gummybearsminigolf,merge_candidate,merged,2
blackjack,manual_year_review,needs_review,2
pokmonfireredleafgreen,merge_candidate,merged,2
tomclancysghostreconbreakpoint,merge_candidate,merged,2
masseffectandromeda,merge_candidate,merged,2
pokmontradingcardgame,merge_candidate,merged,2
kancollekai,merge_candidate,merged,2
pokmonashgray,merge_candidate,merged,2
raymanlegends,merge_candidate,merged,2
sallyface,merge_candidate,merged,2
starwarsmastersofteraskasi,merge_candidate,merged,2
totalwarwarhammerii,merge_candidate,merged,2
hatsunemikuprojectdiva2nd,merge_candidate,merged,2
discoelysiumthefinalcut,preserve_edition_review,merged,2
asterixsearchfordogmatix,merge_candidate,merged,2
thelegendofzeldaskywardsword,merge_candidate,merged,2
okamiden,merge_candidate,merged,2
luigismansiondarkmoon,merge_candidate,merged,2
southparkthestickoftruth,merge_candidate,merged,2
howtotrainyourdragon,merge_candidate,merged,2
shovelknighttreasuretrove,merge_candidate,merged,2
shadowofthetombraiderdefinitiveedition,preserve_edition_review,merged,2
pokmonmysterydungeonbluerescueteam,merge_candidate,merged,2
megamanzero3,merge_candidate,merged,2
riseofthetombraider20yearcelebration,merge_candidate,merged,2
8bitboy,manual_year_review,needs_review,2
aerotheacrobat,manual_year_review,needs_review,2
aerotheacrobat2,manual_year_review,needs_review,2
akazukinchacha,manual_year_review,needs_review,2
amatsumisoranikumonohatateni,manual_year_review,needs_review,2
asondeshogigatsuyokunaruginseishogidx,manual_year_review,needs_review,2
babyboom,manual_year_review,needs_review,2
baseballsimulator1000,manual_year_review,needs_review,2
battlemaster,manual_year_review,needs_review,2
bodycount,manual_year_review,needs_review,2
breakpoint,manual_year_review,needs_review,2
burgertimedeluxe,preserve_edition_review,needs_review,2
caesarspalace,manual_year_review,needs_review,2
caesarspalaceii,manual_year_review,needs_review,2
calciobit,manual_year_review,needs_review,2
castlequest,manual_year_review,needs_review,2
choroq,manual_year_review,needs_review,2
choujikuuyousaimacross,manual_year_review,needs_review,2
clusterpuck99,manual_year_review,needs_review,2
cocotofunfair,manual_year_review,needs_review,2
corpsepartybloodcoveredrepeatedfear,manual_year_review,needs_review,2
crackdown,manual_year_review,needs_review,2
crossfire,manual_year_review,needs_review,2
cyberbotsfullmetalmadness,manual_year_review,needs_review,2
daisenryakuviiexceed,manual_year_review,needs_review,2
dancedancerevolution,manual_year_review,needs_review,2
darkandlight,manual_year_review,needs_review,2
destiny2,manual_year_review,needs_review,2
divinityoriginalsin2definitiveedition,preserve_edition_review,needs_review,2
divinityoriginalsinenhancededition,preserve_edition_review,needs_review,2
djmaxportable3,manual_year_review,needs_review,2
djmaxportableblacksquare,manual_year_review,needs_review,2
dodonpachidaioujou,manual_year_review,needs_review,2
dragonfangztherosedungeonoftime,manual_year_review,needs_review,2
dragonquestiii,manual_year_review,needs_review,2
dragonwarrioriii,manual_year_review,needs_review,2
ducktalesremastered,preserve_edition_review,needs_review,2
earthdefenseforce2017,manual_year_review,needs_review,2
elementsofdestruction,manual_year_review,needs_review,2
ever17outofinfinity,manual_year_review,needs_review,2
ever17theoutofinfinitypremiumedition,manual_year_review,needs_review,2
eyetoyplay3,manual_year_review,needs_review,2
f1grandprix,manual_year_review,needs_review,2
f1worldgrandprix,manual_year_review,needs_review,2
f1worldgrandprixii,manual_year_review,needs_review,2
factorio,manual_year_review,needs_review,2
fahrenheitindigoprophecyremastered,preserve_edition_review,needs_review,2
farcry,manual_year_review,needs_review,2
fareastofedeniimanjimaru,manual_year_review,needs_review,2
fightershistorydynamite,manual_year_review,needs_review,2
finalfantasyiii,manual_year_review,needs_review,2
firefly,manual_year_review,needs_review,2
fishingmaster,manual_year_review,needs_review,2
flockit,manual_year_review,needs_review,2
freakoutextremefreeride,manual_year_review,needs_review,2
fullthrottleremastered,preserve_edition_review,needs_review,2
futurecoplapd,manual_year_review,needs_review,2
galaxian3,manual_year_review,needs_review,2
ginseishogikyoutendotoufuuraijin,manual_year_review,needs_review,2
grandtheftautoepisodesfromlibertycity,manual_year_review,needs_review,2
guitarfreaksv2drummaniav2,manual_year_review,needs_review,2
guitarfreaksv3drummaniav3,manual_year_review,needs_review,2
gurugurutownhanamarukun,manual_year_review,needs_review,2
harmoknight,manual_year_review,needs_review,2
homerun,manual_year_review,needs_review,2
humanfallflat,manual_year_review,needs_review,2
hyperdimensionneptuniarebirth1,manual_year_review,needs_review,2
hyperdimensionneptuniarebirth3vgeneration,manual_year_review,needs_review,2
imagefight,manual_year_review,needs_review,2
io,manual_year_review,needs_review,2
jumpjumpjump,manual_year_review,needs_review,2
junclassicccropeclub,manual_year_review,needs_review,2
kablooey,manual_year_review,needs_review,2
kamihd,preserve_edition_review,needs_review,2
kamisamatokoigokoro,manual_year_review,needs_review,2
kawasakisnowmobiles,manual_year_review,needs_review,2
kenkabanchootomekanzenmuketsunomyhoney,manual_year_review,needs_review,2
kinironocorda3fullvoicespecial,preserve_edition_review,needs_review,2
kungfumaster,manual_year_review,needs_review,2
langrisseriii,manual_year_review,needs_review,2
legacyofkaindefiance,manual_year_review,needs_review,2
legocityundercover,manual_year_review,needs_review,2
limbo,manual_year_review,needs_review,2
lipsilovethe80s,manual_year_review,needs_review,2
lostmagic,manual_year_review,needs_review,2
mafiaii,manual_year_review,needs_review,2
mahjong,manual_year_review,needs_review,2
megamanx,manual_year_review,needs_review,2
meltylancerreinforce,manual_year_review,needs_review,2
metroexodus,manual_year_review,needs_review,2
monsterseed,manual_year_review,needs_review,2
motoroader,manual_year_review,needs_review,2
mountbladeiibannerlord,manual_year_review,needs_review,2
muse,manual_year_review,needs_review,2
muvluv,manual_year_review,needs_review,2
muvluvalternative,manual_year_review,needs_review,2
neogeoheroesultimateshooting,manual_year_review,needs_review,2
never7theendofinfinity,manual_year_review,needs_review,2
nflblitz2002,manual_year_review,needs_review,2
nightwatch,manual_year_review,needs_review,2
oddworldabesexoddus,manual_year_review,needs_review,2
offroad,manual_year_review,needs_review,2
oo,manual_year_review,needs_review,2
outrun,manual_year_review,needs_review,2
pachiokun2,manual_year_review,needs_review,2
pachiokun3,manual_year_review,needs_review,2
pacmania,manual_year_review,needs_review,2
paperplane,manual_year_review,needs_review,2
planescapetormentenhancededition,preserve_edition_review,needs_review,2
planeshift,manual_year_review,needs_review,2
pokonyanhenpokorinadventure,manual_year_review,needs_review,2
punchline,manual_year_review,needs_review,2
pushover,manual_year_review,needs_review,2
puyopuyotetris,manual_year_review,needs_review,2
raymanorigins,manual_year_review,needs_review,2
raystorm,manual_year_review,needs_review,2
reloaded,manual_year_review,needs_review,2
rengokuiithestairwaytoheaven,manual_year_review,needs_review,2
revolt,manual_year_review,needs_review,2
rimworld,manual_year_review,needs_review,2
robox,manual_year_review,needs_review,2
rocksmith,manual_year_review,needs_review,2
rodland,manual_year_review,needs_review,2
rubikscube,manual_year_review,needs_review,2
runestonekeeper,manual_year_review,needs_review,2
samegame,manual_year_review,needs_review,2
sangokushieiketsuden,manual_year_review,needs_review,2
sangokushikoumeiden,manual_year_review,needs_review,2
sangokushiv,manual_year_review,needs_review,2
sangokushivi,manual_year_review,needs_review,2
sangokushivii,manual_year_review,needs_review,2
sealifesafari,manual_year_review,needs_review,2
shenmueiii,manual_year_review,needs_review,2
shinseikievangelionayanamiikuseikeikakuwithasukahokankeikaku,manual_year_review,needs_review,2
shmup,manual_year_review,needs_review,2
shootingrange,manual_year_review,needs_review,2
simcity2000,manual_year_review,needs_review,2
skykid,manual_year_review,needs_review,2
slitherlink,manual_year_review,needs_review,2
soulcaliburii,manual_year_review,needs_review,2
spinmaster,manual_year_review,needs_review,2
spyhunter,manual_year_review,needs_review,2
starforce,manual_year_review,needs_review,2
starshipsurvivor,manual_year_review,needs_review,2
superrealmahjongpvi,manual_year_review,needs_review,2
tacheroesbigredone,manual_year_review,needs_review,2
technocop,manual_year_review,needs_review,2
tengaimakyiimanjimaru,manual_year_review,needs_review,2
tentama1stsunnyside,manual_year_review,needs_review,2
theelderscrollsvskyrimspecialedition,preserve_edition_review,needs_review,2
themisshitsukaranodasshutsu,manual_year_review,needs_review,2
timelord,manual_year_review,needs_review,2
diabloiv,merge_candidate,merged,2
tnnmotorsportshardcore4x4,manual_year_review,needs_review,2
tnnmotorsportshardcoretr,manual_year_review,needs_review,2
tokyo23kuseifukuwars,manual_year_review,needs_review,2
tokyotwilightghosthunters,manual_year_review,needs_review,2
tomclancyssplintercell,manual_year_review,needs_review,2
tomclancyssplintercellchaostheory,manual_year_review,needs_review,2
tomclancyssplintercelldoubleagent,manual_year_review,needs_review,2
touchdownfever,manual_year_review,needs_review,2
trickshot,manual_year_review,needs_review,2
troubleshooter,manual_year_review,needs_review,2
tsukumonogatari,manual_year_review,needs_review,2
tumblepop,manual_year_review,needs_review,2
universeatwarearthassault,manual_year_review,needs_review,2
vip,manual_year_review,needs_review,2
warchess,manual_year_review,needs_review,2
wildfire,manual_year_review,needs_review,2
wonderboyiiithedragonstrap,manual_year_review,needs_review,2
wordsupacademy,manual_year_review,needs_review,2
worldclassleaderboardgolf,manual_year_review,needs_review,2
xtypeplus,manual_year_review,needs_review,2
yarsrevenge,manual_year_review,needs_review,2
davethediver,merge_candidate,merged,2
zodasrevengestartropicsii,manual_year_review,needs_review,2
abunaikoinosousashitsu,merge_candidate,merged,2
acealiencleanupelite,merge_candidate,merged,2
aerowings2airstrike,merge_candidate,merged,2
alienzombiemegadeath,merge_candidate,merged,2
battletank,merge_candidate,merged,2
biosenshidanincreasertonotatakai,merge_candidate,merged,2
blastworksbuildtradedestroy,merge_candidate,merged,2
blazblueclonephantasma,merge_candidate,merged,2
bookyman,merge_candidate,merged,2
buzzjuniorrobojam,merge_candidate,merged,2
conceptionorenokodomowoundekure,merge_candidate,merged,2
cuphead,merge_candidate,merged,2
dariusburst,merge_candidate,merged,2
darkestdungeon,merge_candidate,merged,2
deblob2,merge_candidate,merged,2
dawnofdiscovery,merge_candidate,merged,2
deadbydaylight,merge_candidate,merged,2
deadspace2,merge_candidate,merged,2
defendindepenguin,merge_candidate,merged,2
devicereign,merge_candidate,merged,2
dishonored2,merge_candidate,merged,2
doraemonshinnobitanonihontanjou,merge_candidate,merged,2
dragonballzgaidensaiyajinzetsumetsukeikaku,merge_candidate,merged,2
dragonseeds,merge_candidate,merged,2
duckgame,merge_candidate,merged,2
dusk,merge_candidate,merged,2
dyinglight,merge_candidate,merged,2
dynastywarriors9,merge_candidate,merged,2
ever17theoutofinfinity,merge_candidate,merged,2
excalibur2555ad,merge_candidate,merged,2
anokowaorekarahanarenai,merge_candidate,merged,2
bustamoveuniverse,merge_candidate,merged,2
pelssoccer,merge_candidate,merged,2
creball,merge_candidate,merged,2
needforspeedpayback,merge_candidate,merged,2
super3dnoahsark,merge_candidate,merged,2
odinsphereleifthrasir,merge_candidate,merged,2
tailsskypatrol,merge_candidate,merged,2
nightinthewoods,merge_candidate,merged,2
kirbysdreamland,merge_candidate,merged,2
hakuokikyotowinds,merge_candidate,merged,2
rocksmith2014editionremastered,preserve_edition_review,merged,2
outerwilds,merge_candidate,merged,2
supermario64,merge_candidate,merged,2
rockboshersdxdirectorscut,preserve_edition_review,merged,2
stateshift,merge_candidate,merged,2
pokmonsilverversion,merge_candidate,merged,2
pokmonpicross,merge_candidate,merged,2
vivapiata,merge_candidate,merged,2
supermariosunshine,merge_candidate,merged,2
pokmonpuzzlechallenge2000,merge_candidate,merged,2
cyberpunk2077phantomliberty,merge_candidate,merged,2
zhuzhupuppies,merge_candidate,merged,2
pokmonsnap,merge_candidate,merged,2
hyperdimensionneptuniarebirth2sistersgeneration,merge_candidate,merged,2
loveplus,merge_candidate,merged,2
mechassaultphantomwar,merge_candidate,merged,2
singstarboybandsvsgirlbands,merge_candidate,merged,2
pokmonchannel,merge_candidate,merged,2
metroidprime3corruption,merge_candidate,merged,2
pinballfx2,merge_candidate,merged,2
pokmonrumbleblast,merge_candidate,merged,2
zhuzhupetsquestforzhu,merge_candidate,merged,2
thejackboxpartypack3,merge_candidate,merged,2
keitaidenjtelefang,merge_candidate,merged,2
forzamotorsport,merge_candidate,merged,2
easportsfc24,merge_candidate,merged,2
marvelsspidermanremastered,preserve_edition_review,merged,2
carnivalgamesminigolf,merge_candidate,merged,2
ochakennoheyads3,merge_candidate,merged,2
ittakestwo,merge_candidate,merged,2
starwarsrepubliccommando,merge_candidate,merged,2
ridgeracer,merge_candidate,merged,2
pokmongoldversion,merge_candidate,merged,2
streetfighteralphawarriorsdreams,merge_candidate,merged,2
ochakenkururinhonwakapuzzledehottoshiyo,merge_candidate,merged,2
fuunbakumatsuden,merge_candidate,merged,2
choukousokumahjongplus,merge_candidate,merged,2
odinsphere,merge_candidate,merged,2
dragonscrownpro,merge_candidate,merged,2
jamesbusterdouglasknockoutboxing,merge_candidate,merged,2
bloodborne,merge_candidate,merged,2
gravityrushremastered,preserve_edition_review,merged,2
thewitcher3wildhunt,merge_candidate,merged,2
projectwinter,merge_candidate,merged,2
pokmonpinball,merge_candidate,merged,2
luigismansion3,merge_candidate,merged,2
streetfighter6,merge_candidate,merged,2
yoshisislandds,merge_candidate,merged,2
starfox2,merge_candidate,merged,2
